
C:\Users\mmanf
λ ssh 18.234.202.175
The authenticity of host '18.234.202.175 (18.234.202.175)' can't be established.
ECDSA key fingerprint is SHA256:Twp+zNPYd0VAoQW1tAj52FwUD/GALblS4FdziZlfEXE.
Are you sure you want to continue connecting (yes/no)? yes
Warning: Permanently added '18.234.202.175' (ECDSA) to the list of known hosts.
mmanf@18.234.202.175: Permission denied (publickey).

C:\Users\mmanf\OneDrive\Documents\Training\Udacity\Cloud Architect NanoDegree\Project1\extra
λ ls
EC2KeyPair  PrimaryVPCConfig.png  udacityPr1KeyPair.pem

C:\Users\mmanf\OneDrive\Documents\Training\Udacity\Cloud Architect NanoDegree\Project1\extra
λ ls -l
total 164
-rw-r--r-- 1 mmanf 197609   1704 Sep 22 13:31 EC2KeyPair
-rw-r--r-- 1 mmanf 197609 156114 Sep 18 15:32 PrimaryVPCConfig.png
-rw-r--r-- 1 mmanf 197609   1678 Sep 22 13:30 udacityPr1KeyPair.pem

C:\Users\mmanf\OneDrive\Documents\Training\Udacity\Cloud Architect NanoDegree\Project1\extra
λ cp udacityPr1KeyPair.pem ~/.ssh/udacityPr1KeyPair.pem
cp: cannot create regular file '~/.ssh/udacityPr1KeyPair.pem': No such file or directory

C:\Users\mmanf\OneDrive\Documents\Training\Udacity\Cloud Architect NanoDegree\Project1\extra
λ cp udacityPr1KeyPair.pem .ssh/udacityPr1KeyPair.pem
cp: cannot create regular file '.ssh/udacityPr1KeyPair.pem': No such file or directory

C:\Users\mmanf\OneDrive\Documents\Training\Udacity\Cloud Architect NanoDegree\Project1\extra
λ ssh 18.234.202.175
mmanf@18.234.202.175: Permission denied (publickey).

C:\Users\mmanf\OneDrive\Documents\Training\Udacity\Cloud Architect NanoDegree\Project1\extra
λ ssh -i "udacityPr1KeyPair.pem" ec2-user@ec2-18-234-202-175.compute-1.amazonaws.com
The authenticity of host 'ec2-18-234-202-175.compute-1.amazonaws.com (18.234.202.175)' can't be established.
ECDSA key fingerprint is SHA256:Twp+zNPYd0VAoQW1tAj52FwUD/GALblS4FdziZlfEXE.
Are you sure you want to continue connecting (yes/no)? yes
Warning: Permanently added 'ec2-18-234-202-175.compute-1.amazonaws.com' (ECDSA) to the list of known hosts.


       __|  __|_  )
       _|  (     /   Amazon Linux AMI
      ___|\___|___|

https://aws.amazon.com/amazon-linux-ami/2018.03-release-notes/
No packages needed for security; 2 packages available
Run "sudo yum update" to apply all updates.
[ec2-user@ip-10-1-11-36 ~]$ ls
[ec2-user@ip-10-1-11-36 ~]$ pwd
/home/ec2-user
[ec2-user@ip-10-1-11-36 ~]$ mysql -h udarr-database.chzqmlxfvvfz.us-east-1.rds.amazonaws.com -p 3306
-bash: mysql: command not found
[ec2-user@ip-10-1-11-36 ~]$ sudo yum update
Loaded plugins: priorities, update-motd, upgrade-helper
amzn-main                                                                                      | 2.1 kB  00:00:00
amzn-updates                                                                                   | 3.8 kB  00:00:00
Resolving Dependencies
--> Running transaction check
---> Package tzdata.noarch 0:2019c-1.73.amzn1 will be updated
---> Package tzdata.noarch 0:2020a-1.75.amzn1 will be an update
---> Package tzdata-java.noarch 0:2019c-1.73.amzn1 will be updated
---> Package tzdata-java.noarch 0:2020a-1.75.amzn1 will be an update
--> Finished Dependency Resolution

Dependencies Resolved

====================================================================================================================== Package                    Arch                  Version                           Repository                   Size ======================================================================================================================Updating:
 tzdata                     noarch                2020a-1.75.amzn1                  amzn-updates                838 k  tzdata-java                noarch                2020a-1.75.amzn1                  amzn-updates                231 k

Transaction Summary
======================================================================================================================Upgrade  2 Packages

Total download size: 1.0 M
Is this ok [y/d/N]: sudo yum install mysql-client
Is this ok [y/d/N]: y
Downloading packages:
(1/2): tzdata-java-2020a-1.75.amzn1.noarch.rpm                                                 | 231 kB  00:00:00
(2/2): tzdata-2020a-1.75.amzn1.noarch.rpm                                                      | 838 kB  00:00:00
----------------------------------------------------------------------------------------------------------------------Total                                                                                 1.7 MB/s | 1.0 MB  00:00:00
Running transaction check
Running transaction test
Transaction test succeeded
Running transaction
  Updating   : tzdata-java-2020a-1.75.amzn1.noarch                                                                1/4
  Updating   : tzdata-2020a-1.75.amzn1.noarch                                                                     2/4
  Cleanup    : tzdata-java-2019c-1.73.amzn1.noarch                                                                3/4
  Cleanup    : tzdata-2019c-1.73.amzn1.noarch                                                                     4/4
  Verifying  : tzdata-2020a-1.75.amzn1.noarch                                                                     1/4
  Verifying  : tzdata-java-2020a-1.75.amzn1.noarch                                                                2/4
  Verifying  : tzdata-java-2019c-1.73.amzn1.noarch                                                                3/4
  Verifying  : tzdata-2019c-1.73.amzn1.noarch                                                                     4/4

Updated:
  tzdata.noarch 0:2020a-1.75.amzn1                        tzdata-java.noarch 0:2020a-1.75.amzn1

Complete!
[ec2-user@ip-10-1-11-36 ~]$ ls
[ec2-user@ip-10-1-11-36 ~]$ mysql -h udarr-database.chzqmlxfvvfz.us-east-1.rds.amazonaws.com -p 3306 -u admin
-bash: mysql: command not found
[ec2-user@ip-10-1-11-36 ~]$ sudo yum install mysql
Loaded plugins: priorities, update-motd, upgrade-helper
Resolving Dependencies
--> Running transaction check
---> Package mysql.noarch 0:5.5-1.6.amzn1 will be installed
--> Processing Dependency: mysql55 >= 5.5 for package: mysql-5.5-1.6.amzn1.noarch
--> Running transaction check
---> Package mysql55.x86_64 0:5.5.62-1.23.amzn1 will be installed
--> Processing Dependency: real-mysql55-libs(x86-64) = 5.5.62-1.23.amzn1 for package: mysql55-5.5.62-1.23.amzn1.x86_64--> Processing Dependency: mysql-config for package: mysql55-5.5.62-1.23.amzn1.x86_64
--> Running transaction check
---> Package mysql-config.x86_64 0:5.5.62-1.23.amzn1 will be installed
---> Package mysql55-libs.x86_64 0:5.5.62-1.23.amzn1 will be installed
--> Finished Dependency Resolution

Dependencies Resolved

====================================================================================================================== Package                     Arch                  Version                          Repository                   Size ======================================================================================================================Installing:
 mysql                       noarch                5.5-1.6.amzn1                    amzn-main                   2.7 k Installing for dependencies:
 mysql-config                x86_64                5.5.62-1.23.amzn1                amzn-updates                 49 k  mysql55                     x86_64                5.5.62-1.23.amzn1                amzn-updates                7.5 M  mysql55-libs                x86_64                5.5.62-1.23.amzn1                amzn-updates                816 k

Transaction Summary
======================================================================================================================Install  1 Package (+3 Dependent packages)

Total download size: 8.3 M
Installed size: 31 M
Is this ok [y/d/N]: y
Downloading packages:
(1/4): mysql-5.5-1.6.amzn1.noarch.rpm                                                          | 2.7 kB  00:00:00
(2/4): mysql-config-5.5.62-1.23.amzn1.x86_64.rpm                                               |  49 kB  00:00:00
(3/4): mysql55-libs-5.5.62-1.23.amzn1.x86_64.rpm                                               | 816 kB  00:00:00
(4/4): mysql55-5.5.62-1.23.amzn1.x86_64.rpm                                                    | 7.5 MB  00:00:01
----------------------------------------------------------------------------------------------------------------------Total                                                                                 6.7 MB/s | 8.3 MB  00:00:01
Running transaction check
Running transaction test
Transaction test succeeded
Running transaction
  Installing : mysql55-libs-5.5.62-1.23.amzn1.x86_64                                                              1/4
  Installing : mysql-config-5.5.62-1.23.amzn1.x86_64                                                              2/4
  Installing : mysql55-5.5.62-1.23.amzn1.x86_64                                                                   3/4
  Installing : mysql-5.5-1.6.amzn1.noarch                                                                         4/4
  Verifying  : mysql-5.5-1.6.amzn1.noarch                                                                         1/4
  Verifying  : mysql-config-5.5.62-1.23.amzn1.x86_64                                                              2/4
  Verifying  : mysql55-libs-5.5.62-1.23.amzn1.x86_64                                                              3/4
  Verifying  : mysql55-5.5.62-1.23.amzn1.x86_64                                                                   4/4

Installed:
  mysql.noarch 0:5.5-1.6.amzn1

Dependency Installed:
  mysql-config.x86_64 0:5.5.62-1.23.amzn1 mysql55.x86_64 0:5.5.62-1.23.amzn1 mysql55-libs.x86_64 0:5.5.62-1.23.amzn1

Complete!
[ec2-user@ip-10-1-11-36 ~]$ mysql -h udarr-database.chzqmlxfvvfz.us-east-1.rds.amazonaws.com -p 3306 -u admin
Enter password:
ERROR 1045 (28000): Access denied for user 'admin'@'10.1.11.36' (using password: YES)
[ec2-user@ip-10-1-11-36 ~]$ mysql -h udarr-database.chzqmlxfvvfz.us-east-1.rds.amazonaws.com -p 3306 -u admin
Enter password:
ERROR 1049 (42000): Unknown database '3306'
[ec2-user@ip-10-1-11-36 ~]$ mysql -h udarr-database.chzqmlxfvvfz.us-east-1.rds.amazonaws.com -P 3306 -u admin
ERROR 1045 (28000): Access denied for user 'admin'@'10.1.11.36' (using password: NO)
[ec2-user@ip-10-1-11-36 ~]$ mysql -h udarr-database.chzqmlxfvvfz.us-east-1.rds.amazonaws.com -P 3306 -u admin
ERROR 1045 (28000): Access denied for user 'admin'@'10.1.11.36' (using password: NO)
[ec2-user@ip-10-1-11-36 ~]$ mysql -h udarr-database.chzqmlxfvvfz.us-east-1.rds.amazonaws.com -P 3306 -u admin
ERROR 1045 (28000): Access denied for user 'admin'@'10.1.11.36' (using password: NO)
[ec2-user@ip-10-1-11-36 ~]$ mysql -h udarr-database.chzqmlxfvvfz.us-east-1.rds.amazonaws.com -P 3306
ERROR 2059 (HY000): Authentication plugin 'caching_sha2_password' cannot be loaded: /usr/lib64/mysql/plugin/caching_sha2_password.so: cannot open shared object file: No such file or directory
[ec2-user@ip-10-1-11-36 ~]$ mysql -h udarr-database.chzqmlxfvvfz.us-east-1.rds.amazonaws.com -p 3306 --user=admin --p assword=ozQL6LdiaUmrDAStGrRL
ERROR 1049 (42000): Unknown database '3306'
[ec2-user@ip-10-1-11-36 ~]$ mysql -h udarr-database.chzqmlxfvvfz.us-east-1.rds.amazonaws.com -p 3306 --database=udaci ty --user=admin --password=ozQL6LdiaUmrDAStGrRL
ERROR 1049 (42000): Unknown database '3306'
[ec2-user@ip-10-1-11-36 ~]$ mysql -h udarr-database.chzqmlxfvvfz.us-east-1.rds.amazonaws.com -P 3306 --database=udaci ty --user=admin --password=ozQL6LdiaUmrDAStGrRL
Welcome to the MySQL monitor.  Commands end with ; or \g.
Your MySQL connection id is 1125
Server version: 8.0.20 Source distribution

Copyright (c) 2000, 2018, Oracle and/or its affiliates. All rights reserved.

Oracle is a registered trademark of Oracle Corporation and/or its
affiliates. Other names may be trademarks of their respective
owners.

Type 'help;' or '\h' for help. Type '\c' to clear the current input statement.

mysql> create table order (
    ->     orderId number not null primary key,
    ->     name varchar(32) not null,
    ->     description varchar (50) ,
    ->     created date
    -> );
ERROR 1064 (42000): You have an error in your SQL syntax; check the manual that corresponds to your MySQL server version for the right syntax to use near 'order (
    orderId number not null primary key,
    name varchar(32) not null,
' at line 1
mysql> create table order (
    ->     orderId INT NOT NULL AUTO_INCREMENT,
    ->     name VARCHAR(32) not null,
    ->     description VARCHAR(50) ,
    ->     created DATE,
    ->     PRIMARY_KEY (orderId)
    -> )
    -> ;
ERROR 1064 (42000): You have an error in your SQL syntax; check the manual that corresponds to your MySQL server version for the right syntax to use near 'order (
    orderId INT NOT NULL AUTO_INCREMENT,
    name VARCHAR(32) not null,
' at line 1
mysql> create table order(
    ->     orderId INT NOT NULL AUTO_INCREMENT,
    ->     name VARCHAR(32) NOT NULL,
    ->     description VARCHAR(50) ,
    ->     created DATE,
    ->     PRIMARY_KEY (orderId)
    -> )
    -> ;
ERROR 1064 (42000): You have an error in your SQL syntax; check the manual that corresponds to your MySQL server version for the right syntax to use near 'order(
    orderId INT NOT NULL AUTO_INCREMENT,
    name VARCHAR(32) NOT NULL,
 ' at line 1
mysql> create table order( orderId INT NOT NULL AUTO_INCREMENT, name VARCHAR(32) NOT NULL, Description VARCHAR(50) ,
created DATE,    PRIMARY_KEY (orderId));
ERROR 1064 (42000): You have an error in your SQL syntax; check the manual that corresponds to your MySQL server version for the right syntax to use near 'order( orderId INT NOT NULL AUTO_INCREMENT, name VARCHAR(32) NOT NULL, Descripti' at line 1
mysql> create table tutorials_tbl(
    ->    tutorial_id INT NOT NULL AUTO_INCREMENT,
    ->    tutorial_title VARCHAR(100) NOT NULL,
    ->    tutorial_author VARCHAR(40) NOT NULL,
    ->    submission_date DATE,
    ->    PRIMARY KEY ( tutorial_id )
    -> );
Query OK, 0 rows affected (0.11 sec)

mysql> create table order(
    ->    order_id INT NOT NULL AUTO_INCREMENT,
    ->    name VARCHAR(32) NOT NULL,
    ->    description VARCHAR(60) NOT NULL,
    ->    created_date DATE,
    ->    PRIMARY KEY ( order_id )
    -> );
ERROR 1064 (42000): You have an error in your SQL syntax; check the manual that corresponds to your MySQL server version for the right syntax to use near 'order(
   order_id INT NOT NULL AUTO_INCREMENT,
   name VARCHAR(32) NOT NULL,
  ' at line 1
mysql> create table orders(
    ->    order_id INT NOT NULL AUTO_INCREMENT,
    ->    name VARCHAR(32) NOT NULL,
    ->    description VARCHAR(60) NOT NULL,
    ->    created_date DATE,
    ->    PRIMARY KEY ( order_id )
    -> );
Query OK, 0 rows affected (0.05 sec)

mysql>   insert into orders ( name, description, created) values (
    ->       'BobOrder1', 'Bob's order for new parts', now() );
    '> ;
    '>
    '>
    '>   insert into orders (orderId, name, description, created) values (
    '>       'HarryOrder2', 'Harry's order for new parts', now() );
ERROR 1064 (42000): You have an error in your SQL syntax; check the manual that corresponds to your MySQL server version for the right syntax to use near 's order for new parts', now() );
;


  insert into orders (orderId, name, desc' at line 2
mysql>
mysql>   insert into orders (orderId, name, description, created) values (
    ->       'JoeOrder3', 'Joe's order for new parts', now() );
    '>
    '>
    '> ;
    '>
    '> Ctrl-C -- exit!
Aborted
[ec2-user@ip-10-1-11-36 ~]$ mysql -h udarr-database.chzqmlxfvvfz.us-east-1.rds.amazonaws.com -P 3306 --database=udaci ty --user=admin --password=ozQL6LdiaUmrDAStGrRL
Reading table information for completion of table and column names
You can turn off this feature to get a quicker startup with -A

Welcome to the MySQL monitor.  Commands end with ; or \g.
Your MySQL connection id is 1130
Server version: 8.0.20 Source distribution

Copyright (c) 2000, 2018, Oracle and/or its affiliates. All rights reserved.

Oracle is a registered trademark of Oracle Corporation and/or its
affiliates. Other names may be trademarks of their respective
owners.

Type 'help;' or '\h' for help. Type '\c' to clear the current input statement.

mysql> select * from orders;
Empty set (0.00 sec)

mysql> insert into orders ( name, description) values ('BobOrder1', 'Bob's order for new parts');
    '>
    '>
    '> commit;
    '>
    '>
    '>
    '> exit
    '> ;
    '>
    '>
    '> Ctrl-C -- exit!
Aborted
[ec2-user@ip-10-1-11-36 ~]$ mysql -h udarr-database.chzqmlxfvvfz.us-east-1.rds.amazonaws.com -P 3306 --database=udaci ty --user=admin --password=ozQL6LdiaUmrDAStGrRL
Reading table information for completion of table and column names
You can turn off this feature to get a quicker startup with -A

Welcome to the MySQL monitor.  Commands end with ; or \g.
Your MySQL connection id is 1131
Server version: 8.0.20 Source distribution

Copyright (c) 2000, 2018, Oracle and/or its affiliates. All rights reserved.

Oracle is a registered trademark of Oracle Corporation and/or its
affiliates. Other names may be trademarks of their respective
owners.

Type 'help;' or '\h' for help. Type '\c' to clear the current input statement.

mysql> help

For information about MySQL products and services, visit:
   http://www.mysql.com/
For developer information, including the MySQL Reference Manual, visit:
   http://dev.mysql.com/
To buy MySQL Enterprise support, training, or other products, visit:
   https://shop.mysql.com/

List of all MySQL commands:
Note that all text commands must be first on line and end with ';'
?         (\?) Synonym for `help'.
clear     (\c) Clear the current input statement.
connect   (\r) Reconnect to the server. Optional arguments are db and host.
delimiter (\d) Set statement delimiter.
edit      (\e) Edit command with $EDITOR.
ego       (\G) Send command to mysql server, display result vertically.
exit      (\q) Exit mysql. Same as quit.
go        (\g) Send command to mysql server.
help      (\h) Display this help.
nopager   (\n) Disable pager, print to stdout.
notee     (\t) Don't write into outfile.
pager     (\P) Set PAGER [to_pager]. Print the query results via PAGER.
print     (\p) Print current command.
prompt    (\R) Change your mysql prompt.
quit      (\q) Quit mysql.
rehash    (\#) Rebuild completion hash.
source    (\.) Execute an SQL script file. Takes a file name as an argument.
status    (\s) Get status information from the server.
system    (\!) Execute a system shell command.
tee       (\T) Set outfile [to_outfile]. Append everything into given outfile.
use       (\u) Use another database. Takes database name as argument.
charset   (\C) Switch to another charset. Might be needed for processing binlog with multi-byte charsets.
warnings  (\W) Show warnings after every statement.
nowarning (\w) Don't show warnings after every statement.

For server side help, type 'help contents'

mysql> status
--------------
mysql  Ver 14.14 Distrib 5.5.62, for Linux (x86_64) using readline 5.1

Connection id:          1131
Current database:       udacity
Current user:           admin@10.1.11.36
SSL:                    Not in use
Current pager:          stdout
Using outfile:          ''
Using delimiter:        ;
Server version:         8.0.20 Source distribution
Protocol version:       10
Connection:             udarr-database.chzqmlxfvvfz.us-east-1.rds.amazonaws.com via TCP/IP
Server characterset:    utf8mb4
Db     characterset:    utf8mb4
Client characterset:    utf8
Conn.  characterset:    utf8
TCP port:               3306
Uptime:                 4 days 13 min 47 sec

Threads: 4  Questions: 240319  Slow queries: 0  Opens: 805  Flush tables: 4  Open tables: 274  Queries per second avg: 0.693
--------------

mysql> INSERT INTO orders ( name, description, created) VALUES ('BobOrder1', 'Bob's order for new parts', NOW() );
    '>
    '>
    '>
    '>
    '>
    '>
    '>
    '>
    '> COMMIT;
    '>
    '>
    '>
    '>
    '>
    '> EXIT
    '> exit
    '> ;
    '>
    '>
    '>
    '> ...
    '> help
    '> Ctrl-C -- exit!
Aborted
[ec2-user@ip-10-1-11-36 ~]$ mysql -h udarr-database.chzqmlxfvvfz.us-east-1.rds.amazonaws.com -P 3306 --database=udaci ty --user=admin --password=ozQL6LdiaUmrDAStGrRL
Reading table information for completion of table and column names
You can turn off this feature to get a quicker startup with -A

Welcome to the MySQL monitor.  Commands end with ; or \g.
Your MySQL connection id is 1133
Server version: 8.0.20 Source distribution

Copyright (c) 2000, 2018, Oracle and/or its affiliates. All rights reserved.

Oracle is a registered trademark of Oracle Corporation and/or its
affiliates. Other names may be trademarks of their respective
owners.

Type 'help;' or '\h' for help. Type '\c' to clear the current input statement.

mysql> describe orders
    -> ;
+--------------+-------------+------+-----+---------+----------------+
| Field        | Type        | Null | Key | Default | Extra          |
+--------------+-------------+------+-----+---------+----------------+
| order_id     | int         | NO   | PRI | NULL    | auto_increment |
| name         | varchar(32) | NO   |     | NULL    |                |
| description  | varchar(60) | NO   |     | NULL    |                |
| created_date | date        | YES  |     | NULL    |                |
+--------------+-------------+------+-----+---------+----------------+
4 rows in set (0.01 sec)

mysql>   INSERT INTO orders
    ->     ( name, description, created)
    ->     VALUES
    ->     ("BobOrder1", "Bob's order for new parts", NOW() );
ERROR 1054 (42S22): Unknown column 'created' in 'field list'
mysql>   INSERT INTO orders
    ->     ( name, description, created_date)
    ->     VALUES
    ->     ("BobOrder1", "Bob's order for new parts", NOW() );
Query OK, 1 row affected, 1 warning (0.01 sec)

mysql> Ctrl-C -- exit!
Aborted
[ec2-user@ip-10-1-11-36 ~]$ mysql -h udarr-database.chzqmlxfvvfz.us-east-1.rds.amazonaws.com -P 3306 --database=udaci ty --user=admin --password=ozQL6LdiaUmrDAStGrRL
Reading table information for completion of table and column names
You can turn off this feature to get a quicker startup with -A

Welcome to the MySQL monitor.  Commands end with ; or \g.
Your MySQL connection id is 1135
Server version: 8.0.20 Source distribution

Copyright (c) 2000, 2018, Oracle and/or its affiliates. All rights reserved.

Oracle is a registered trademark of Oracle Corporation and/or its
affiliates. Other names may be trademarks of their respective
owners.

Type 'help;' or '\h' for help. Type '\c' to clear the current input statement.

mysql>   INSERT INTO orders
    ->     ( name, description, created_date)
    ->     VALUES
    ->     ("HarryOrder2", "Harry's order for new parts", NOW() );
Query OK, 1 row affected, 1 warning (0.02 sec)

mysql>     INSERT INTO orders
    ->     ( name, description, created_date)
    ->     VALUES
    ->     ("JoeOrder3", "Joe's order for new parts", NOW() );
Query OK, 1 row affected, 1 warning (0.01 sec)

mysql> select * from orders;
+----------+-------------+-----------------------------+--------------+
| order_id | name        | description                 | created_date |
+----------+-------------+-----------------------------+--------------+
|        1 | BobOrder1   | Bob's order for new parts   | 2020-09-22   |
|        2 | HarryOrder2 | Harry's order for new parts | 2020-09-22   |
|        3 | JoeOrder3   | Joe's order for new parts   | 2020-09-22   |
+----------+-------------+-----------------------------+--------------+
3 rows in set (0.00 sec)

mysql>